Date,Adj Close,Volume
2015-11-06,7.674421310424805,117227200
2015-11-09,7.64036750793457,49256800
2015-11-10,7.494419097900391,55226000
2015-11-11,7.421444416046143,61989600
2015-11-12,7.394688606262207,29108000
2015-11-13,7.248740196228027,29294000
2015-11-16,7.394688606262207,34428000
2015-11-17,7.394688606262207,25704800
2015-11-18,7.576594352722168,35021600
2015-11-19,7.598569393157959,25407200
2015-11-20,7.664494037628174,23974400
2015-11-23,7.549735069274902,24255200
2015-11-24,7.61077880859375,19542800
2015-11-25,7.601011753082275,13830000
2015-11-27,7.664494037628174,8699600
2015-11-30,7.745071887969971,32724400
2015-12-01,7.9965667724609375,40949600
2015-12-02,7.935523509979248,29424000
2015-12-03,7.918430805206299,24665600
2015-12-04,8.240736961364746,45875600
2015-12-07,8.084466934204102,33358800
2015-12-08,8.194344520568848,31448800
2015-12-09,7.986798286437988,37267600
2015-12-10,8.052726745605469,23659600
2015-12-11,7.933084011077881,22732000
2015-12-14,7.952616214752197,27589200
2015-12-15,8.050284385681152,30729600
2015-12-16,8.099116325378418,23635600
2015-12-17,7.977032661437988,25416000
2015-12-18,7.847623825073242,39589600
2015-12-21,8.03319263458252,28421600
2015-12-22,8.040518760681152,13001200
2015-12-23,8.072257995605469,12252400
2015-12-24,8.099116325378418,5244800
2015-12-28,8.091794967651367,14202400
2015-12-29,8.22364330291748,20366000
2015-12-30,8.15283489227295,18034400
2015-12-31,8.04784107208252,14852800
2016-01-04,7.903783321380615,35807600
2016-01-05,8.030750274658203,49027200
2016-01-06,7.698678970336914,44934400
2016-01-07,7.393467903137207,64530400
2016-01-08,7.234757423400879,39847200
2016-01-11,7.246964931488037,40937200
2016-01-12,7.369050979614258,46935600
2016-01-13,7.144413471221924,48167200
2016-01-14,7.00035285949707,60023600
2016-01-15,6.619448184967041,84145200
2016-01-19,6.673166275024414,45714000
2016-01-20,6.7097907066345215,48118000
2016-01-21,6.787926197052002,48145600
2016-01-22,6.9466352462768555,25799600
2016-01-25,6.939311504364014,27072800
2016-01-26,7.007676601409912,22794400
2016-01-27,6.924659729003906,23170000
2016-01-28,6.848968029022217,27677600
2016-01-29,7.151738166809082,31050400
2016-02-01,7.15418004989624,28988400
2016-02-02,6.851408958435059,34190800
2016-02-03,6.885592937469482,32677200
2016-02-04,6.888035297393799,34814000
2016-02-05,6.453413009643555,60042800
2016-02-08,6.157965660095215,60885200
2016-02-09,6.223893642425537,42537200
2016-02-10,6.209242820739746,33580000
2016-02-11,6.1775007247924805,34014400
2016-02-12,6.282494068145752,34081600
2016-02-16,6.590147972106934,48535200
2016-02-17,6.753742694854736,77146800
2016-02-18,7.334865093231201,106866000
2016-02-19,7.432534217834473,52562800
2016-02-22,7.6962385177612305,44966800
2016-02-23,7.715771198272705,36938000
2016-02-24,7.769489765167236,33685200
2016-02-25,7.7865800857543945,34961600
2016-02-26,7.73530387878418,36196400
2016-02-29,7.685067176818848,32334400
2016-03-01,8.025699615478516,34870000
2016-03-02,8.072259902954102,23381200
2016-03-03,8.001195907592773,30200400
2016-03-04,7.976686477661133,17530400
2016-03-07,7.92522668838501,23996800
2016-03-08,7.780640602111816,27494000
2016-03-09,7.775739669799805,22278800
2016-03-10,7.763486862182617,28608400
2016-03-11,7.895818710327148,27740000
2016-03-14,7.915422439575195,19031200
2016-03-15,7.87621545791626,22621600
2016-03-16,8.111469268798828,36364400
2016-03-17,8.042853355407715,35368000
2016-03-18,8.285465240478516,54551200
2016-03-21,8.309967994689941,33778000
2016-03-22,8.29526424407959,24201200
2016-03-23,8.437397956848145,42900800
2016-03-24,8.449654579162598,24495600
2016-03-28,8.53542423248291,26538800
2016-03-29,8.672656059265137,26181200
2016-03-30,8.763331413269043,37670000
2016-03-31,8.73147201538086,37988400
2016-04-01,8.858905792236328,34829200
2016-04-04,8.773131370544434,39394000
2016-04-05,8.760878562927246,33956800
2016-04-06,8.773131370544434,45337600
2016-04-07,8.682459831237793,37810400
2016-04-08,8.738821983337402,25593600
2016-04-11,8.792738914489746,38752400
2016-04-12,8.782933235168457,29276400
2016-04-13,9.003488540649414,35071600
2016-04-14,9.027992248535156,41656400
2016-04-15,9.099063873291016,43697200
2016-04-18,9.059852600097656,30732000
2016-04-19,8.898112297058105,30915200
2016-04-20,8.932421684265137,20017200
2016-04-21,8.922618865966797,17828000
2016-04-22,8.888307571411133,22354000
2016-04-25,8.932421684265137,19197200
2016-04-26,8.939772605895996,21453600
2016-04-27,9.143172264099121,35239600
2016-04-28,8.87115478515625,38122400
2016-04-29,8.706965446472168,32190400
2016-05-02,8.822144508361816,25607600
2016-05-03,8.716765403747559,22402400
2016-05-04,8.518268585205078,52576400
2016-05-05,8.56973648071289,24688400
2016-05-06,8.657952308654785,18324000
2016-05-09,8.64570426940918,33333600
2016-05-10,8.812339782714844,26967600
2016-05-11,8.836848258972168,32817600
2016-05-12,8.716765403747559,67054000
2016-05-13,10.042539596557617,211025600
2016-05-16,10.33906078338623,97303200
2016-05-17,10.361117362976074,62839200
2016-05-18,10.625781059265137,54107200
2016-05-19,10.672345161437988,39888000
2016-05-20,10.863490104675293,39108400
2016-05-23,10.880644798278809,41363600
2016-05-24,11.14476490020752,41578800
2016-05-25,11.09808349609375,45807600
2016-05-26,11.216018676757812,30996400
2016-05-27,11.27744197845459,27741600
2016-05-31,11.478913307189941,41252400
2016-06-01,11.501029014587402,38713200
2016-06-02,11.582106590270996,32920800
2016-06-03,11.419944763183594,46107600
2016-06-06,11.360979080200195,32251200
2016-06-07,11.38309097290039,19340000
2016-06-08,11.346237182617188,23461600
2016-06-09,11.641072273254395,47216800
2016-06-10,11.351152420043945,40002400
2016-06-13,11.496111869812012,47558800
2016-06-14,11.518223762512207,29834400
2016-06-15,11.63615894317627,30103600
2016-06-16,11.682840347290039,24645600
2016-06-17,11.478913307189941,47100000
2016-06-20,11.685297012329102,29376800
2016-06-21,11.614045143127441,21250800
2016-06-22,11.604218482971191,20262000
2016-06-23,11.913796424865723,29788000
2016-06-24,11.235673904418945,101768400
2016-06-27,11.11528205871582,44908800
2016-06-28,11.27744197845459,38192000
2016-06-29,11.461714744567871,31893200
2016-06-30,11.550166130065918,43094000
2016-07-01,11.46417236328125,21848800
2016-07-05,11.633703231811523,37108400
2016-07-06,11.707409858703613,27310400
2016-07-07,12.012072563171387,39540000
2016-07-08,12.493638038635254,48193200
2016-07-11,12.78110122680664,44877600
2016-07-12,12.972745895385742,43676000
2016-07-13,12.967830657958984,32460400
2016-07-14,13.100507736206055,31689200
2016-07-15,12.948176383972168,42861600
2016-07-18,13.014512062072754,25299200
2016-07-19,13.14964485168457,38265200
2016-07-20,13.32163143157959,29646000
2016-07-21,13.075935363769531,36130800
2016-07-22,13.432194709777832,31576800
2016-07-25,13.680350303649902,31252800
2016-07-26,13.9137601852417,51450800
2016-07-27,13.773713111877441,44667600
2016-07-28,13.80319881439209,22191600
2016-07-29,14.029236793518066,40958800
2016-08-01,13.938329696655273,30112000
2016-08-02,13.768798828125,28274800
2016-08-03,13.805652618408203,29982800
2016-08-04,14.061178207397461,27271200
2016-08-05,14.2995023727417,37158800
2016-08-08,14.432181358337402,30506400
2016-08-09,14.469032287597656,37234400
2016-08-10,14.375666618347168,37574000
2016-08-11,14.668046951293945,68106400
2016-08-12,15.48867416381836,142574400
2016-08-15,15.47392749786377,57330400
2016-08-16,15.380563735961914,28765200
2016-08-17,15.02430534362793,59521200
2016-08-18,15.257715225219727,33168400
2016-08-19,15.297032356262207,29156000
2016-08-22,15.360909461975098,24474800
2016-08-23,15.485215187072754,33976400
2016-08-24,15.246448516845703,29844800
2016-08-25,15.145528793334961,40603200
2016-08-26,15.268603324890137,30002400
2016-08-29,15.258758544921875,27465200
2016-08-30,15.170145034790039,28554400
2016-08-31,15.098759651184082,38854400
2016-09-01,15.544291496276855,42849200
2016-09-02,15.391676902770996,32314800
2016-09-06,15.536903381347656,30681200
2016-09-07,15.307987213134766,39798800
2016-09-08,15.418754577636719,31580800
2016-09-09,14.650769233703613,69776000
2016-09-12,14.953534126281738,59826000
2016-09-13,14.736922264099121,47176800
2016-09-14,14.867379188537598,31904800
2016-09-15,15.431060791015625,51521200
2016-09-16,15.46798324584961,90244400
2016-09-19,15.672286033630371,41712800
2016-09-20,15.529519081115723,33111200
2016-09-21,15.965206146240234,33621200
2016-09-22,16.004589080810547,30873200
2016-09-23,15.987353324890137,27613200
2016-09-26,15.837209701538086,23004000
2016-09-27,16.378732681274414,40275200
2016-09-28,16.43781089782715,31978800
2016-09-29,16.590421676635742,33668400
2016-09-30,16.866104125976562,42993200
2016-10-03,16.848878860473633,24259600
2016-10-04,16.81195640563965,28162400
2016-10-05,16.794727325439453,30544000
2016-10-06,16.575651168823242,36021200
2016-10-07,16.455041885375977,28626000
2016-10-10,16.516576766967773,28787600
2016-10-11,16.27780532836914,38854000
2016-10-12,16.35165786743164,41992000
2016-10-13,16.085813522338867,39011600
2016-10-14,16.24335289001465,33063600
2016-10-17,16.149816513061523,19532800
2016-10-18,16.39596176147461,26937200
2016-10-19,16.361507415771484,19906000
2016-10-20,16.671649932861328,31208400
2016-10-21,16.6248836517334,27950800
2016-10-24,17.405174255371094,33983600
2016-10-25,17.690706253051758,39746000
2016-10-26,17.7620906829834,33379200
2016-10-27,17.397789001464844,38866400
2016-10-28,17.36825180053711,29085600
2016-10-31,17.515945434570312,25238800
2016-11-01,16.996562957763672,47322400
2016-11-02,16.925188064575195,29584800
2016-11-03,16.7282657623291,30966400
2016-11-04,16.632265090942383,32878000
2016-11-07,17.543014526367188,48758000
2016-11-08,17.515945434570312,42988400
2016-11-09,17.220558166503906,45653200
2016-11-10,16.681493759155273,86928000
2016-11-11,21.653697967529297,217534400
2016-11-14,20.587879180908203,134879600
2016-11-15,21.215557098388672,62609200
2016-11-16,22.55459976196289,98798400
2016-11-17,22.741676330566406,83298800
2016-11-18,22.980443954467773,57606000
2016-11-21,22.886903762817383,43643600
2016-11-22,23.05182647705078,33036800
2016-11-23,23.165218353271484,44323600
2016-11-25,23.212060928344727,19556400
2016-11-28,23.199729919433594,27873600
2016-11-29,22.987728118896484,44456800
2016-11-30,22.728891372680664,44050000
2016-12-01,21.60477066040039,103552400
2016-12-02,21.80445098876953,47829200
2016-12-05,22.649999618530273,60228400
2016-12-06,23.02224349975586,49879600
2016-12-07,23.43639373779297,48080400
2016-12-08,23.0444278717041,38154400
2016-12-09,22.635210037231445,38231200
2016-12-12,22.085477828979492,60133200
2016-12-13,22.474971771240234,38779600
2016-12-14,23.776586532592773,98398000
2016-12-15,24.333711624145508,74654800
2016-12-16,24.75279426574707,108952800
2016-12-19,25.05354118347168,74465600
2016-12-20,25.92621612548828,84805600
2016-12-21,26.088918685913086,57613600
2016-12-22,26.404462814331055,71861200
2016-12-23,27.06266212463379,64769200
2016-12-27,28.92139434814453,119427200
2016-12-28,26.932004928588867,229576400
2016-12-29,27.469411849975586,217536800
2016-12-30,26.313249588012695,121293200
2017-01-03,25.147218704223633,150199600
2017-01-04,25.733932495117188,119922000
2017-01-05,25.080656051635742,98429600
2017-01-06,25.415925979614258,82285600
2017-01-09,26.446365356445312,91624800
2017-01-10,26.24669075012207,88092000
2017-01-11,25.923749923706055,52566400
2017-01-12,25.49974250793457,62561600
2017-01-13,25.49727439880371,45782000
2017-01-17,24.925357818603516,58061200
2017-01-18,25.378948211669922,65442400
2017-01-19,25.923749923706055,64487200
2017-01-20,25.640254974365234,49202400
2017-01-23,25.906496047973633,36990400
2017-01-24,26.458690643310547,42805200
2017-01-25,26.57209014892578,52276000
2017-01-26,27.030611038208008,45880000
2017-01-27,27.553226470947266,47199600
2017-01-30,27.121824264526367,49600400
2017-01-31,26.914745330810547,36275600
2017-02-01,28.09063720703125,59000400
2017-02-02,28.44562339782715,48324000
2017-02-03,28.196640014648438,37274400
2017-02-06,28.918933868408203,50676800
2017-02-07,29.367591857910156,74622400
2017-02-08,29.239410400390625,44958000
2017-02-09,28.68967056274414,84256800
2017-02-10,28.00928497314453,165109200
2017-02-13,26.71753692626953,118072400
2017-02-14,26.816143035888672,85063200
2017-02-15,26.870372772216797,37302000
2017-02-16,26.43897247314453,64717600
2017-02-17,26.43404197692871,56374000
2017-02-21,27.380664825439453,55195200
2017-02-22,27.33871078491211,43377200
2017-02-23,24.80377769470215,159288800
2017-02-24,25.04320526123047,102990400
2017-02-27,25.771339416503906,71540000
2017-02-28,25.048133850097656,62536000
2017-03-01,25.371479034423828,50480400
2017-03-02,24.436004638671875,75433200
2017-03-03,24.295312881469727,86469200
2017-03-06,24.107723236083984,88356800
2017-03-07,24.371829986572266,60340000
2017-03-08,24.32740020751953,63871200
2017-03-09,24.322465896606445,47806000
2017-03-10,24.465625762939453,49974000
2017-03-13,25.13946533203125,77413600
2017-03-14,25.122190475463867,52201600
2017-03-15,25.3122501373291,61503600
2017-03-16,25.62325096130371,52310000
2017-03-17,26.18107795715332,111968800
2017-03-20,27.015363693237305,74856800
2017-03-21,26.14158821105957,91348400
2017-03-22,26.67473793029785,61676400
2017-03-23,26.43284797668457,53394000
2017-03-24,26.526639938354492,43950000
2017-03-27,26.719167709350586,50664400
2017-03-28,26.580944061279297,43244400
2017-03-29,26.494550704956055,34999200
2017-03-30,27.00301742553711,52553200
2017-03-31,26.88701057434082,44080800
2017-04-03,26.751251220703125,44523200
2017-04-04,24.87535858154297,127128000
2017-04-05,24.690237045288086,74704800
2017-04-06,24.870420455932617,63512000
2017-04-07,24.764291763305664,42906800
2017-04-10,24.132402420043945,75633200
2017-04-11,24.218795776367188,61814800
2017-04-12,24.01886749267578,41409200
2017-04-13,23.56963348388672,50689200
2017-04-17,24.492778778076172,49729200
2017-04-18,24.507583618164062,37011600
2017-04-19,24.60384750366211,38082800
2017-04-20,24.99383544921875,40401600
2017-04-21,25.097503662109375,34189600
2017-04-24,25.41097640991211,37182000
2017-04-25,25.852802276611328,38844000
2017-04-26,25.67508316040039,32700400
2017-04-27,26.07494354248047,31970000
2017-04-28,25.74419593811035,34824800
2017-05-01,26.321775436401367,30773200
2017-05-02,25.541793823242188,62997200
2017-05-03,25.731861114501953,33690400
2017-05-04,25.63312339782715,20978800
2017-05-05,25.635591506958008,22842800
2017-05-08,25.36655044555664,36524000
2017-05-09,25.408512115478516,84767200
2017-05-10,29.93781089782715,212909600
2017-05-11,31.22378158569336,193979200
2017-05-12,31.566871643066406,96262000
2017-05-15,33.15150833129883,108754000
2017-05-16,33.76858901977539,112070000
2017-05-17,31.524917602539062,127136800
2017-05-18,32.84545135498047,115603200
2017-05-19,33.60402297973633,101837200
2017-05-22,34.320552825927734,83660800
2017-05-23,33.85850524902344,68124800
2017-05-24,34.23902130126953,81599600
2017-05-25,34.16243362426758,60822800
2017-05-26,35.0469970703125,77914000
2017-05-30,35.79567337036133,98965200
2017-05-31,35.667198181152344,88731600
2017-06-01,35.66966247558594,50334000
2017-06-02,35.49177169799805,48745600
2017-06-05,36.571533203125,81737600
2017-06-06,36.405982971191406,75872800
2017-06-07,36.845802307128906,61261200
2017-06-08,39.51930236816406,116174400
2017-06-09,36.964412689208984,369292800
2017-06-12,37.05583190917969,169753200
2017-06-13,37.4091682434082,167250400
2017-06-14,37.48823165893555,118464000
2017-06-15,37.648841857910156,96382400
2017-06-16,37.463523864746094,92496000
2017-06-19,38.87192916870117,77817600
2017-06-20,38.815093994140625,109544400
2017-06-21,39.403167724609375,68265200
2017-06-22,39.13137435913086,46913200
2017-06-23,38.00959014892578,108858800
2017-06-26,37.594486236572266,106396000
2017-06-27,36.218196868896484,99949200
2017-06-28,37.495643615722656,99494800
2017-06-29,36.24290466308594,106442400
2017-06-30,35.719085693359375,73106000
2017-07-03,34.42681884765625,70907200
2017-07-05,35.34597396850586,82018800
2017-07-06,35.45222091674805,74628400
2017-07-07,36.26268005371094,65497200
2017-07-10,37.97746276855469,95849200
2017-07-11,38.51612854003906,75795600
2017-07-12,40.15431594848633,114520800
2017-07-13,39.68980026245117,136913200
2017-07-14,40.7572135925293,94194800
2017-07-17,40.58424758911133,93079200
2017-07-18,41.00676727294922,77664000
2017-07-19,40.79428482055664,68704400
2017-07-20,41.38728713989258,69959600
2017-07-21,41.53554153442383,64833200
2017-07-24,41.0537109375,65252400
2017-07-25,40.856056213378906,49655600
2017-07-26,41.32798767089844,64040400
2017-07-27,39.96405029296875,78285600
2017-07-28,40.61884307861328,51334800
2017-07-31,40.15431594848633,55967200
2017-08-01,40.643558502197266,43138400
2017-08-02,40.61884307861328,47844400
2017-08-03,41.13525390625,44242000
2017-08-04,41.315635681152344,58909600
2017-08-07,42.585662841796875,71741200
2017-08-08,42.079139709472656,75533600
2017-08-09,42.52635955810547,53078400
2017-08-10,40.70532989501953,132808800
2017-08-11,38.53588104248047,149719600
2017-08-14,41.60966873168945,127902000
2017-08-15,41.25880813598633,76453200
2017-08-16,40.80663299560547,59663200
2017-08-17,39.897342681884766,52544400
2017-08-18,39.904762268066406,60120400
2017-08-21,39.324092864990234,62367200
2017-08-22,40.19956588745117,45045600
2017-08-23,41.00331115722656,57952000
2017-08-24,40.85245132446289,46970000
2017-08-25,40.51116943359375,35720000
2017-08-28,40.79804229736328,38949600
2017-08-29,40.731266021728516,32409600
2017-08-30,40.9736328125,38440000
2017-08-31,41.90351104736328,61268400
2017-09-01,42.155757904052734,44543200
2017-09-05,41.03050994873047,69536400
2017-09-06,41.00577926635742,39767200
2017-09-07,41.196205139160156,35286800
2017-09-08,40.48149490356445,49885600
2017-09-11,41.79468536376953,56744400
2017-09-12,41.94553756713867,41148800
2017-09-13,42.13349533081055,58096000
2017-09-14,41.89360427856445,51371200
2017-09-15,44.5422477722168,136479200
2017-09-18,46.382205963134766,168446000
2017-09-19,46.33274841308594,87428000
2017-09-20,45.959312438964844,72492000
2017-09-21,44.70299530029297,107560000
2017-09-22,44.26774978637695,49123200
2017-09-25,42.28929901123047,87458000
2017-09-26,42.526710510253906,112562000
2017-09-27,43.45906066894531,71372000
2017-09-28,43.44667053222656,43524400
2017-09-29,44.21086502075195,61909200
2017-10-02,44.26774978637695,50348000
2017-10-03,44.359249114990234,39033200
2017-10-04,44.730201721191406,42784800
2017-10-05,44.70547866821289,43736400
2017-10-06,44.836544036865234,31880000
2017-10-09,45.84803009033203,56349200
2017-10-10,46.72349166870117,97487600
2017-10-11,47.2205810546875,52950800
2017-10-12,47.24283218383789,52829200
2017-10-13,48.12324523925781,62872800
2017-10-16,48.949249267578125,57664000
2017-10-17,48.904727935791016,47859600
2017-10-18,48.8626823425293,56731600
2017-10-19,48.917091369628906,57077200
2017-10-20,48.69451141357422,45162000
2017-10-23,48.625267028808594,42869600
2017-10-24,49.13472366333008,40724400
2017-10-25,47.89324951171875,82816000
2017-10-26,48.3952751159668,32274400
2017-10-27,49.921165466308594,57219200
2017-10-30,50.41082763671875,50405600
2017-10-31,51.14531326293945,41190800
2017-11-01,51.241764068603516,50257600
2017-11-02,50.9301643371582,34230800
2017-11-03,51.610252380371094,35364000
2017-11-06,51.84272384643555,38994400
2017-11-07,52.43625259399414,42770000
2017-11-08,51.72649383544922,52298800
2017-11-09,50.77683639526367,97856400
2017-11-10,53.45268249511719,125325600
2017-11-13,52.58464431762695,58237600
2017-11-14,52.96796417236328,52929200
2017-11-15,51.92927932739258,50194800
2017-11-16,52.33238220214844,44176800
2017-11-17,52.27055740356445,51566400
2017-11-20,52.943233489990234,39610000
2017-11-21,53.43042755126953,39917600
2017-11-22,53.190364837646484,35664000
2017-11-24,53.6927490234375,18075200
2017-11-27,52.99485778808594,42289600
2017-11-28,52.146018981933594,51275200
2017-11-29,48.60955810546875,139678800
2017-11-30,49.671241760253906,82376800
2017-12-01,48.92137145996094,81154800
2017-12-04,46.194175720214844,124084400
2017-12-05,46.461456298828125,98148800
2017-12-06,46.837623596191406,46703200
2017-12-07,47.51323318481445,54260000
2017-12-08,47.38949203491211,46687600
2017-12-11,48.17400360107422,37274800
2017-12-12,47.2286376953125,45501600
2017-12-13,46.075382232666016,55428000
2017-12-14,46.147159576416016,43816400
2017-12-15,47.406822204589844,67003600
2017-12-18,48.97582244873047,47770400
2017-12-19,48.53284454345703,37310000
2017-12-20,48.703609466552734,28882000
2017-12-21,48.4783935546875,30090400
2017-12-22,48.32496643066406,46627600
2017-12-26,48.86198806762695,35508000
2017-12-27,48.795169830322266,32948800
2017-12-28,48.85208511352539,24024800
2017-12-29,47.88692092895508,27996400
2018-01-02,49.33466339111328,35561600
2018-01-03,52.581573486328125,91470400
2018-01-04,52.8587532043457,58326800
2018-01-05,53.30667495727539,58012400
2018-01-08,54.94003677368164,88121600
2018-01-09,54.9251823425293,49700000
2018-01-10,55.355804443359375,58266400
2018-01-11,55.45478820800781,40603200
2018-01-12,55.18256378173828,35991600
2018-01-16,54.47230529785156,70234800
2018-01-17,55.613182067871094,53840800
2018-01-18,55.54388427734375,40863200
2018-01-19,56.94708251953125,60938000
2018-01-22,57.833065032958984,55094400
2018-01-23,59.12489700317383,47522800
2018-01-24,58.355228424072266,57997200
2018-01-25,58.491336822509766,40988400
2018-01-26,60.21873474121094,51635600
2018-01-29,61.08985900878906,45511600
2018-01-30,60.06777572631836,57083200
2018-01-31,60.83000183105469,47857600
2018-02-01,59.51837158203125,51922400
2018-02-02,57.790977478027344,71846400
2018-02-05,52.8859748840332,116520400
2018-02-06,55.826019287109375,111480000
2018-02-07,56.622886657714844,80293200
2018-02-08,53.83134078979492,114400000
2018-02-09,57.43461990356445,167460400
2018-02-12,56.432334899902344,109317200
2018-02-13,57.570716857910156,62552400
2018-02-14,59.74605941772461,74498800
2018-02-15,61.00324249267578,69890000
2018-02-16,60.344947814941406,63765600
2018-02-20,61.64173126220703,68624000
2018-02-21,59.76832962036133,89229200
2018-02-22,59.963958740234375,53436400
2018-02-23,60.89999771118164,41530000
2018-02-26,61.06095886230469,46931200
2018-02-27,60.93220138549805,45543600
2018-02-28,59.92681121826172,52311600
2018-03-01,57.50249481201172,104012000
2018-03-02,58.57473373413086,91342800
2018-03-05,58.35435104370117,62077600
2018-03-06,59.96642303466797,63680800
2018-03-07,59.887184143066406,58120800
2018-03-08,59.723751068115234,41191200
2018-03-09,60.75142288208008,50552400
2018-03-12,61.84843826293945,60506000
2018-03-13,61.340789794921875,61977200
2018-03-14,61.595848083496094,50549600
2018-03-15,61.74441909790039,40195200
2018-03-16,62.02672576904297,39945600
2018-03-19,59.6791877746582,71377200
2018-03-20,61.80385971069336,55469600
2018-03-21,61.5512809753418,43868800
2018-03-22,59.88965606689453,55119600
2018-03-23,57.690704345703125,73562000
2018-03-26,60.54093551635742,61142400
2018-03-27,55.84585189819336,140900000
2018-03-28,54.81321716308594,94590400
2018-03-29,57.34896469116211,91662800
2018-04-02,54.73892593383789,92209200
2018-04-03,55.80374526977539,66743200
2018-04-04,56.02414321899414,78916800
2018-04-05,54.820655822753906,70124000
2018-04-06,53.0550422668457,66298800
2018-04-09,53.34228515625,49952400
2018-04-10,56.43768310546875,76167600
2018-04-11,56.02414321899414,46024400
2018-04-12,58.094337463378906,59392000
2018-04-13,57.32668685913086,50303600
2018-04-16,57.32420349121094,35079200
2018-04-17,58.82236862182617,44722400
2018-04-18,58.53264236450195,39136400
2018-04-19,56.717506408691406,47199600
2018-04-20,56.63579177856445,38620000
2018-04-23,55.439727783203125,42750800
2018-04-24,54.77606964111328,41459600
2018-04-25,53.65182113647461,58849200
2018-04-26,55.77155685424805,37582400
2018-04-27,56.046417236328125,40084800
2018-04-30,55.692317962646484,32784400
2018-05-01,56.24700164794922,25378800
2018-05-02,56.04147720336914,26824800
2018-05-03,57.695648193359375,44314400
2018-05-04,59.19877243041992,40066000
2018-05-07,61.58099365234375,68761600
2018-05-08,62.00690841674805,50661600
2018-05-09,63.339168548583984,59676000
2018-05-10,64.41636657714844,99408000
2018-05-11,63.02962875366211,121445600
2018-05-14,63.235164642333984,52314000
2018-05-15,60.80836868286133,96352800
2018-05-16,60.91981506347656,55382800
2018-05-17,61.340789794921875,51978400
2018-05-18,60.90247344970703,48371600
2018-05-21,60.48149871826172,64062400
2018-05-22,60.100154876708984,51826400
2018-05-23,61.33658981323242,44295600
2018-05-24,61.3737678527832,43737200
2018-05-25,61.76774215698242,29211200
2018-05-29,61.596771240234375,35268400
2018-05-30,62.68702697753906,39099600
2018-05-31,62.48879623413086,49386800
2018-06-01,63.83426284790039,42196800
2018-06-04,65.62574768066406,64202400
2018-06-05,65.68025970458984,39171200
2018-06-06,65.70008850097656,37135600
2018-06-07,65.14256286621094,36944800
2018-06-08,64.98895263671875,36045600
2018-06-11,64.5776138305664,26537200
2018-06-12,65.06327819824219,31916000
2018-06-13,65.0186767578125,33820800
2018-06-14,66.13618469238281,43001600
2018-06-15,65.72734832763672,43226000
2018-06-18,65.68522644042969,35626800
2018-06-19,64.46611022949219,59493200
2018-06-20,64.99638366699219,36978000
2018-06-21,63.7078857421875,35951600
2018-06-22,62.18155288696289,43416000
2018-06-25,59.2502555847168,66581600
2018-06-26,59.961395263671875,47888400
2018-06-27,58.40778732299805,45389200
2018-06-28,59.681392669677734,33801200
2018-06-29,58.70016860961914,39230000
2018-07-02,60.023338317871094,35757200
2018-07-03,58.685298919677734,22273200
2018-07-05,60.144752502441406,30621600
2018-07-06,61.28456115722656,29635200
2018-07-09,61.76030731201172,30388000
2018-07-10,62.75144577026367,36001600
2018-07-11,61.33412170410156,36750800
2018-07-12,62.250919342041016,34550800
2018-07-13,61.77764892578125,24698800
2018-07-16,61.500125885009766,19703600
2018-07-17,62.86046600341797,36213600
2018-07-18,62.36738204956055,27764000
2018-07-19,62.44915771484375,23575200
2018-07-20,62.16667175292969,22235200
2018-07-23,61.79995346069336,30158400
2018-07-24,61.62651062011719,35462000
2018-07-25,62.40950393676758,31911200
2018-07-26,63.145423889160156,32512400
2018-07-27,62.44667434692383,29542000
2018-07-30,60.491641998291016,34034000
2018-07-31,60.67253112792969,28398800
2018-08-01,61.07146072387695,28355600
2018-08-02,62.09977340698242,26966800
2018-08-03,62.466495513916016,21428800
2018-08-06,62.94472122192383,20750800
2018-08-07,63.66824722290039,25813200
2018-08-08,64.03250885009766,26210000
2018-08-09,63.546836853027344,20428000
2018-08-10,63.13302993774414,25639600
2018-08-13,63.46258544921875,37520800
2018-08-14,64.77832794189453,46622000
2018-08-15,64.1960220336914,59113600
2018-08-16,63.78966522216797,80126000
2018-08-17,60.662635803222656,114318800
2018-08-20,61.41093063354492,85438800
2018-08-21,62.76878356933594,67398800
2018-08-22,65.12274169921875,74985600
2018-08-23,66.11885833740234,72068400
2018-08-24,67.45191955566406,53151200
2018-08-27,68.36376953125,50577600
2018-08-28,67.98714447021484,47538400
2018-08-29,69.04326629638672,42010800
2018-08-30,68.87469482421875,34660800
2018-08-31,69.58622741699219,30659200
2018-09-04,70.33494567871094,39172000
2018-09-05,69.02590942382812,39315600
2018-09-06,67.61277770996094,32279600
2018-09-07,67.39957427978516,29542000
2018-09-10,68.111083984375,22014000
2018-09-11,67.6325912475586,24311200
2018-09-12,66.49217224121094,41909200
2018-09-13,67.27063751220703,30553600
2018-09-14,68.53255462646484,38693600
2018-09-17,67.91275787353516,20552800
2018-09-18,67.1913070678711,29952000
2018-09-19,67.4293212890625,22486000
2018-09-20,66.01615905761719,43058400
2018-09-21,65.31455993652344,43512800
2018-09-24,65.87238311767578,29391200
2018-09-25,66.54424285888672,28038800
2018-09-26,66.17483520507812,26854800
2018-09-27,66.2938461303711,21442800
2018-09-28,69.67051696777344,70939600
2018-10-01,71.73816680908203,62206000
2018-10-02,71.02415466308594,38396400
2018-10-03,71.08612823486328,32055200
2018-10-04,69.24161529541016,39122000
2018-10-05,66.90371704101562,42663600
2018-10-08,65.88971710205078,40861200
2018-10-09,65.83270263671875,27350000
2018-10-10,60.9114990234375,68494000
2018-10-11,58.29346466064453,72543600
2018-10-12,61.12222671508789,60823600
2018-10-15,58.35544204711914,44976000
2018-10-16,60.946205139160156,40871200
2018-10-17,60.259456634521484,32966800
2018-10-18,59.38431167602539,52402000
2018-10-19,56.81584930419922,61360800
2018-10-22,57.32408905029297,36884400
2018-10-23,54.80521774291992,62643600
2018-10-24,49.43775939941406,88428800
2018-10-25,51.52771759033203,95172000
2018-10-26,49.16007614135742,66478400
2018-10-29,46.0189323425293,75801600
2018-10-30,50.32778549194336,80719200
2018-10-31,52.26900100708008,74577200
2018-11-01,54.07386779785156,56652800
2018-11-02,53.282989501953125,45296000
2018-11-05,52.502044677734375,37933200
2018-11-06,52.326019287109375,29901200
2018-11-07,53.00284194946289,48381200
2018-11-08,51.069068908691406,51135200
2018-11-09,50.98973846435547,41324000
2018-11-12,46.99077606201172,61711600
2018-11-13,49.4129524230957,64471200
2018-11-14,48.88737487792969,52658000
2018-11-15,50.17655563354492,84070800
2018-11-16,40.7655029296875,196352000
2018-11-19,35.87403869628906,169782000
2018-11-20,36.95993423461914,169203200
2018-11-21,35.87652587890625,102549600
2018-11-23,35.94841766357422,41196800
2018-11-26,37.944183349609375,81483200
2018-11-27,38.112754821777344,73806000
2018-11-28,39.6845703125,80452400
2018-11-29,39.0517463684082,54917200
2018-11-30,40.558135986328125,72956400
2018-12-03,42.19851303100586,89080400
2018-12-04,38.98970031738281,81211200
2018-12-06,39.28253936767578,69230800
2018-12-07,36.63210678100586,68167600
2018-12-10,37.68682098388672,62947200
2018-12-11,36.77605056762695,67191200
2018-12-12,36.952247619628906,65413600
2018-12-13,36.94976043701172,47138400
2018-12-14,36.34422302246094,47182000
2018-12-17,35.63198471069336,66286800
2018-12-18,36.465843200683594,56437200
2018-12-19,34.3737678527832,74536400
2018-12-20,33.52751922607422,74958800
2018-12-21,32.155155181884766,86374000
2018-12-24,31.537212371826172,46384000
2018-12-26,33.03118133544922,69510000
2018-12-27,32.552223205566406,63704400
2018-12-28,33.16767501831055,62872800
2018-12-31,33.13045120239258,46514000
2019-01-02,33.80547332763672,50875200
2019-01-03,31.763044357299805,70555200
2019-01-04,33.79802703857422,58562000
2019-01-07,35.58732223510742,70916000
2019-01-08,34.701358795166016,78601600
2019-01-09,35.383827209472656,61726000
2019-01-10,36.041465759277344,52315600
2019-01-11,36.93487548828125,87476400
2019-01-14,37.33441925048828,73016800
2019-01-15,37.19296646118164,61701200
2019-01-16,36.93735122680664,47010400
2019-01-17,37.652076721191406,49343600
2019-01-18,38.945037841796875,65133600
2019-01-22,36.91997528076172,66155200
2019-01-23,37.04903030395508,59102000
2019-01-24,39.17086410522461,70897200
2019-01-25,39.74413299560547,115457200
2019-01-28,34.249691009521484,251152800
2019-01-29,32.658939361572266,115393200
2019-01-30,34.095821380615234,97422800
2019-01-31,35.67417526245117,84285200
2019-02-01,35.91737365722656,62504800
2019-02-04,37.021732330322266,52859200
2019-02-05,37.21281814575195,54242400
2019-02-06,37.9697380065918,70246400
2019-02-07,36.5849494934082,63712000
2019-02-08,36.771080017089844,46160400
2019-02-11,36.34422302246094,49518000
2019-02-12,37.51558303833008,59106000
2019-02-13,37.93994903564453,60537200
2019-02-14,38.349422454833984,82726400
2019-02-15,39.046775817871094,151674800
2019-02-19,38.87306213378906,55189200
2019-02-20,39.347068786621094,54098800
2019-02-21,38.657161712646484,44854800
2019-02-22,39.505897521972656,40174000
2019-02-25,39.381813049316406,65602000
2019-02-26,38.98722457885742,48846400
2019-02-27,38.56781768798828,50025600
2019-02-28,38.321876525878906,32494400
2019-03-01,38.865928649902344,35718800
2019-03-04,38.947914123535156,40999200
2019-03-05,38.88331604003906,36292400
2019-03-06,37.772865295410156,40352400
2019-03-07,37.07976531982422,45010400
2019-03-08,37.422584533691406,42241600
2019-03-11,40.03103256225586,85972800
2019-03-12,40.37386703491211,57957600
2019-03-13,41.889244079589844,76890000
2019-03-14,41.12907028198242,51938400
2019-03-15,42.18486785888672,66148400
2019-03-18,41.971229553222656,48699200
2019-03-19,43.65057373046875,85497200
2019-03-20,43.325138092041016,71914800
2019-03-21,45.695106506347656,82431200
2019-03-22,44.09524917602539,74764400
2019-03-25,43.171119689941406,52521200
2019-03-26,43.93873596191406,70350800
2019-03-27,43.846832275390625,47437200
2019-03-28,44.03314208984375,48026400
2019-03-29,44.60700225830078,45689600
2019-04-01,45.282718658447266,48382400
2019-04-02,45.461585998535156,44092000
2019-04-03,46.85772705078125,78350400
2019-04-04,46.76829147338867,45737600
2019-04-05,47.436553955078125,48174400
2019-04-08,47.64521789550781,42419200
2019-04-09,47.0167121887207,43997200
2019-04-10,47.72222900390625,44477200
2019-04-11,47.5831184387207,37460000
2019-04-12,47.20303726196289,47170800
2019-04-15,45.88390350341797,44009200
2019-04-16,46.755863189697266,39496400
2019-04-17,46.52732849121094,35100400
2019-04-18,46.281375885009766,38098800
2019-04-22,46.820457458496094,27993600
2019-04-23,47.36699676513672,34685600
2019-04-24,47.491207122802734,31820400
2019-04-25,46.432918548583984,49929600
2019-04-26,44.24182891845703,86898800
2019-04-29,44.549869537353516,39192000
2019-04-30,44.96473693847656,36292000
2019-05-01,44.83306884765625,35428000
2019-05-02,45.50878143310547,39468400
2019-05-03,45.46406173706055,33682400
2019-05-06,44.67904281616211,42217600
2019-05-07,43.00467300415039,55522000
2019-05-08,43.20589065551758,41916800
2019-05-09,42.279273986816406,66024800
2019-05-10,41.938941955566406,56950000
2019-05-13,39.36277389526367,65691200
2019-05-14,40.25462341308594,52488000
2019-05-15,39.64349365234375,50232000
2019-05-16,39.79503631591797,78108800
2019-05-17,38.88580322265625,102206800
2019-05-20,37.69832992553711,57206400
2019-05-21,38.5206184387207,36184800
2019-05-22,37.81013107299805,32586800
2019-05-23,36.59782028198242,59184400
2019-05-24,36.0587272644043,35758400
2019-05-28,35.60660171508789,42835600
2019-05-29,34.86381912231445,55980000
2019-05-30,34.59770202636719,39430000
2019-05-31,33.68992614746094,38972000
2019-06-03,33.27208709716797,47864400
2019-06-04,35.56517028808594,64183600
2019-06-05,35.13739776611328,51161600
2019-06-06,35.759159088134766,40814000
2019-06-07,36.18695068359375,34885600
2019-06-10,36.91565704345703,40278000
2019-06-11,37.49264907836914,38387200
2019-06-12,36.36103439331055,35889200
2019-06-13,36.87337112426758,30808000
2019-06-14,35.973052978515625,39442800
2019-06-17,36.07004928588867,27604000
2019-06-18,38.022403717041016,58192000
2019-06-19,38.082096099853516,33164400
2019-06-20,38.32582473754883,35016800
2019-06-21,37.74384307861328,43442800
2019-06-24,37.967689514160156,28294800
2019-06-25,37.67420959472656,31186800
2019-06-26,39.609161376953125,58407200
2019-06-27,40.59652328491211,44544000
2019-06-28,40.84524154663086,39766800
2019-07-01,41.327720642089844,70975600
2019-07-02,40.347816467285156,40022800
2019-07-03,40.477149963378906,24663600
2019-07-05,39.85040283203125,39655200
2019-07-08,39.09930419921875,32978800
2019-07-09,39.124168395996094,34286000
2019-07-10,39.80812454223633,45207600
2019-07-11,41.35508346557617,68256000
2019-07-12,41.68586349487305,50639200
2019-07-15,41.6013069152832,28984000
2019-07-16,41.554054260253906,34144400
2019-07-17,42.208152770996094,34820400
2019-07-18,42.325042724609375,44219200
2019-07-19,41.89228820800781,34489600
2019-07-22,42.60857391357422,31594000
2019-07-23,43.687957763671875,42817600
2019-07-24,44.43408203125,36623600
2019-07-25,43.12091064453125,39270000
2019-07-26,43.54123306274414,27416000
2019-07-29,43.47904586791992,24816000
2019-07-30,43.6357307434082,19777200
2019-07-31,41.961936950683594,35941600
2019-08-01,41.016845703125,42121200
2019-08-02,40.089168548583984,42834800
2019-08-05,37.502601623535156,58915600
2019-08-06,37.890586853027344,36127200
2019-08-07,38.27360153198242,37256000
2019-08-08,39.36045455932617,30930000
2019-08-09,38.345726013183594,34181600
2019-08-12,37.666751861572266,27920000
2019-08-13,38.810813903808594,35195600
2019-08-14,37.32353973388672,41988000
2019-08-15,37.000213623046875,47720000
2019-08-16,39.68376922607422,100796000
2019-08-19,42.47426986694336,81511200
2019-08-20,41.75052261352539,46318800
2019-08-21,42.586185455322266,42724400
2019-08-22,42.64836502075195,30348800
2019-08-23,40.400054931640625,56805600
2019-08-26,41.148658752441406,31820800
2019-08-27,40.240875244140625,29096800
2019-08-28,40.13631057739258,25561200
2019-08-29,41.57526397705078,35797600
2019-08-30,41.702232360839844,29061600
2019-09-03,40.870731353759766,29614000
2019-09-04,42.013427734375,22772800
2019-09-05,44.7469367980957,69567600
2019-09-06,44.47557067871094,37697600
2019-09-09,44.93614196777344,41752400
2019-09-10,45.603336334228516,35281200
2019-09-11,45.8896369934082,36151200
2019-09-12,45.874698638916016,32784000
2019-09-13,45.29463577270508,32459200
2019-09-16,44.86394500732422,23183200
2019-09-17,45.07804870605469,22304800
2019-09-18,44.80668258666992,25815200
2019-09-19,44.04987335205078,24547600
2019-09-20,42.99181365966797,35024400
2019-09-23,43.527061462402344,24971200
2019-09-24,42.95197677612305,31726800
2019-09-25,44.37101364135742,30843200
2019-09-26,44.149444580078125,23456400
2019-09-27,42.760284423828125,36205600
2019-09-30,43.335365295410156,18618400
2019-10-01,43.31793975830078,36600800
2019-10-02,43.07894515991211,29337200
2019-10-03,45.13780212402344,45058800
2019-10-04,45.30210876464844,26552400
2019-10-07,45.8896369934082,48098400
2019-10-08,44.12206268310547,44443600
2019-10-09,44.988426208496094,29241200
2019-10-10,45.56599807739258,30912400
2019-10-11,46.30290603637695,44640400
2019-10-14,46.43733215332031,20004000
2019-10-15,48.88703155517578,66412400
2019-10-16,48.34929656982422,42894400
2019-10-17,48.36920928955078,26343600
2019-10-18,47.42319869995117,30744000
2019-10-21,48.79740905761719,26186800
2019-10-22,48.69784164428711,32872000
2019-10-23,48.56838607788086,27991600
2019-10-24,49.00902557373047,23202000
2019-10-25,50.92098617553711,42309200
2019-10-28,51.48112869262695,33079200
2019-10-29,50.51768112182617,21123600
2019-10-30,50.537601470947266,20596000
2019-10-31,50.04467010498047,20973200
2019-11-01,50.43553161621094,28364000
2019-11-04,52.404754638671875,37671600
2019-11-05,52.18318557739258,30086800
2019-11-06,51.69025802612305,26901200
